{
  "name": "backend",
  "version": "1.0.0",
  "description": "",
  "main": "server.js",
  "scripts": {
    "test": "echo \"Error: no test specified\" && exit 1",
    "start": "nodemon src/server.js"
  },
  "keywords": [],
  "author": "",
  "license": "ISC",
  "dependencies": {
    "axios": "^1.10.0",
    "cors": "^2.8.5",
    "dotenv": "^16.5.0",
    "express": "^5.1.0",
    "express-validator": "^7.2.1",
    "mongoose": "^8.16.0",
    "nodemon": "^3.1.10",
    "pm2": "^6.0.8"
  },
  "devDependencies": {
    "@babel/core": "^7.27.4",
    "@babel/node": "^7.27.1",
    "@babel/preset-env": "^7.27.2"
  },
  "type": "module"
}
