{
  "name": "frontend",
  "version": "0.1.0",
  "private": true,
  "dependencies": {
    "@mui/icons-material": "^7.1.1",
    "@mui/material": "^7.1.1",
    "@testing-library/dom": "^10.4.0",
    "@testing-library/jest-dom": "^6.6.3",
    "@testing-library/react": "^16.3.0",
    "@testing-library/user-event": "^13.5.0",
    "axios": "^1.10.0",
    "bootstrap": "^5.3.7",
    "formik": "^2.4.6",
    "material-react-table": "^3.2.1",
    "react": "^19.1.0",
    "react-bootstrap": "^2.10.10",
    "react-data-table-component": "^7.7.0",
    "react-dom": "^19.1.0",
    "react-router-dom": "^7.6.2",
    "react-scripts": "5.0.1",
    "web-vitals": "^2.1.4",
    "yup": "^1.6.1"
  },
  "scripts": {
    "start": "react-scripts start",
    "build": "react-scripts build",
    "test": "react-scripts test",
    "eject": "react-scripts eject"
  },
  "eslintConfig": {
    "extends": [
      "react-app",
      "react-app/jest"
    ]
  },
  "browserslist": {
    "production": [
      ">0.2%",
      "not dead",
      "not op_mini all"
    ],
    "development": [
      "last 1 chrome version",
      "last 1 firefox version",
      "last 1 safari version"
    ]
  }
}
